id;name;remark;created_by;created_date
1;mobile Fish;Home Loan Account Table Computer;Trace;2019-06-04T23:47:48
2;Metal deposit;Producer;Implementation Electronics Officer;2019-06-04T16:59:10
3;Home Loan Account;web-readiness;Namibia;2019-06-04T22:12:32
4;Gorgeous Frozen Pants;Common;Savings Account syndicate Planner;2019-06-04T20:36:12
5;HDD;Table Small Frozen Sausages Planner;envisioneer Music Public-key;2019-06-05T02:01:16
6;Bahamian Dollar Investment Account;Games Regional Digitized;copy convergence;2019-06-05T02:48:54
7;Georgia Industrial;connect Markets Chief;capacitor archive;2019-06-04T18:06:54
8;Aruba;software scale interactive;Louisiana Specialist Home Loan Account;2019-06-05T01:10:54
9;scalable;Small;deliverables reinvent 24 hour;2019-06-05T07:28:03
10;magenta monitor 1080p;Unbranded Plastic Tuna Frozen;generating Highway Ergonomic;2019-06-04T22:54:22
