id;jhi_sql;created_by;created_date;last_modified_by;last_modified_date
1;Armenian Dram wireless directional;Metal Rupiah;2019-06-04T15:06:22;HTTP system mobile;2019-06-04T23:25:55
2;Table quantify;Wyoming interface Cotton;2019-06-05T00:12:01;Louisiana JSON Texas;2019-06-05T00:28:28
3;Dobra application;Fantastic;2019-06-04T08:32:23;Berkshire navigating;2019-06-04T22:31:10
4;Direct;Small Frozen Salad bypassing;2019-06-04T21:40:59;Usability;2019-06-04T13:57:30
5;Borders Borders Practical;methodical;2019-06-04T22:18:46;Danish Krone parse;2019-06-04T11:12:11
6;back-end Unbranded Cambridgeshire;Designer;2019-06-05T04:51:35;circuit Guam;2019-06-04T13:15:39
7;Liaison;program Auto Loan Account Refined;2019-06-05T04:10:56;Algerian Dinar Fantastic Fresh Salad;2019-06-04T13:15:04
8;Sleek;Visionary;2019-06-04T16:14:58;PCI SAS;2019-06-05T00:31:13
9;Principal Pennsylvania dynamic;Sleek navigate Oklahoma;2019-06-04T20:01:10;National;2019-06-05T03:31:55
10;Bedfordshire Tools;Arizona hack;2019-06-04T11:47:17;quantifying;2019-06-04T12:20:23
